0.570076439661,0.46788235949,0.0838019219215,0.272427129427,0.198430906931,0.40435092943,0.166401147612,0.471808413239,0.245752187259,0.676469286275,0.0289149242034,0.942351281767,0.101087246503,0.274520407696,0.0971924480716,0.586214299377,0.254729353564,0.284992291857,0.353065188701,0.973327387689,0.075021509954,0.204410809952,0.0223833093467,0.6097972994,0.614952853672,0.529697749638,0.0925458883612,0.541356078215,0.360932815663,0.00121804016559,0.570076439661,2.55783099263
0.145766721746,0.138435072657,0.127995183148,0.85134827327,0.365976347468,0.901098532965,0.977887543697,0.511425778688,0.783367354922,0.0555212640829,0.341536831852,0.0425658840568,0.147009948327,0.155157528048,0.0328418656414,0.634907039548,0.0864058958462,0.974656229741,0.0370194368571,0.720077223159,0.524991288619,0.163977024626,0.103379795721,0.326240124682,0.697342400672,0.266295315029,0.197054143205,0.785890096589,0.294017121488,0.41321136913,0.145766721746,3.79743828504
0.0817284747039,0.113543095268,0.88582129423,0.178174821006,0.641044903652,0.656773534374,0.389715400322,0.187046895223,0.203121130963,0.635628961888,0.103570626745,0.0655069807234,0.861253192856,0.160194561432,0.289013756695,0.854828753829,0.0994482752437,0.210264806054,0.318805405164,0.351817208528,0.355056857665,0.0917829918577,0.581988276832,0.414796106917,0.407209850109,0.907269982208,0.0678136886979,0.185103402441,0.800599307732,0.407394116481,0.0817284747039,3.93605234553
0.0460402676907,0.0235293323822,0.433244912249,0.0408053823581,0.863953413636,0.879155127212,0.962748478319,0.494362039959,0.296683718731,0.104471736805,0.408871207244,0.0833853140466,0.527640994637,0.475710323494,0.449308429449,0.124747033383,0.49086347815,0.291728918302,0.294773939742,0.0533064362327,0.279921156245,0.145817124852,0.432652452306,0.221285850835,0.901345496856,0.901871936861,0.485835743207,0.690604750827,0.0201418244677,0.227691913186,0.0460402676907,4.14170280659
0.00183973815152,0.643700341785,0.28512451046,0.0307888400888,0.377387565088,0.852289600004,0.508932094773,0.763836021153,0.938084958683,0.425140318902,0.028172771618,0.0369330381752,0.417887390007,0.666509870396,0.890092530816,0.0504047585632,0.0409111947195,0.239475535157,0.277817865345,0.822795690603,0.502800600409,0.0251193690534,0.783217363731,0.921672815133,0.772985550394,0.105596902503,0.203518335562,0.324152041418,0.374212535451,0.22323277623,0.00183973815152,4.79464358044
0.456137654817,0.477848498844,0.8221354241,0.106648129361,0.5623244059,0.670487210189,0.755243914896,0.116974323746,0.539843352818,0.154861195829,0.590258299827,0.484638077197,0.168177166711,0.0633982594552,0.750629372969,0.705485754621,0.564785445052,0.228571002958,0.565023369836,0.592300884651,0.639097925748,0.0840807646151,0.308446184163,0.092077231439,0.368444841981,0.0741807861497,0.24222921665,0.0148301407577,0.117155508835,0.429734554201,0.456137654817,3.07046968531
0.470730407433,0.185671415475,0.659737976232,0.105047845614,0.821365463355,0.252162666892,0.593571154794,0.0296618145566,0.295272561822,0.0688744413771,0.471139741538,0.146114241388,0.0603694216386,0.231645529067,0.184026967323,0.120133147268,0.842029241173,0.0151212504251,0.657377861541,0.376627677486,0.839705995788,0.141841293109,0.832109883921,0.158447756551,0.531650604049,0.327352079061,0.0622093035932,0.40393486446,0.559442805159,0.274724723878,0.470730407433,2.77745099336
0.00349395508833,0.849139268629,0.245974337706,0.152079331765,0.591326592445,0.0479630970784,0.465348512842,0.859670811681,0.158295529911,0.044759928813,0.149608438454,0.68172414971,0.532263562574,0.244469517902,0.219013314575,0.0329589236983,0.890557842537,0.763377459504,0.916265338507,0.032687335492,0.160991171341,0.980662938347,0.697631455544,0.0176098460295,0.183609986268,0.536126054187,0.251778659619,0.0948398837519,0.609355529568,0.860217376001,0.00349395508833,4.67841499941
0.216422897839,0.0744521734523,0.450155374404,0.311112139313,0.435686643451,0.704135767005,0.0577614730976,0.0408958745368,0.113873803998,0.827384080619,0.272199299261,0.10191115635,0.922203847504,0.0284814973487,0.0290313423292,0.38143516214,0.225216476337,0.641437977416,0.350744475802,0.688885077431,0.634589511772,0.926273684659,0.250438012687,0.185274961304,0.168802371445,0.268438843874,0.814107669291,0.32424152707,0.352282763502,0.219406054824,0.216422897839,3.38149063589
0.758812799059,0.0193162889024,0.275111204898,0.739882648594,0.778429651893,0.329014779858,0.428699410544,0.0170870659432,0.388148009175,0.073580664673,0.0117390012834,0.151337320095,0.2718531841,0.858642099699,0.125525245554,0.270794248009,0.678599688181,0.730198143978,0.706094084019,0.488154881253,0.283592729034,0.48670333313,0.319869301309,0.474266528653,0.0638964697188,0.983250668939,0.437474722052,0.322754930705,0.12864412364,0.474419120951,0.758812799059,2.66181527254
0.180239610891,0.0404661917228,0.117527404904,0.0794815432042,0.696651951646,0.0621227783584,0.180230786801,0.0744521014021,0.0555626510031,0.567687599666,0.613048615067,0.710953157719,0.848373009569,0.991770611272,0.422698620337,0.795476686581,0.0973867587067,0.155228952262,0.291118366663,0.909841622873,0.00895631029233,0.635164641609,0.346161438629,0.695700821083,0.227532690664,0.940800846616,0.040246335114,0.347088048307,0.667634584251,0.503716856878,0.180239610891,3.83585775289
0.12930103586,0.808134921331,0.449807814448,0.170527210167,0.433911625146,0.666300519283,0.892117519101,0.0373176645859,0.748379764888,0.335503200209,0.11499718383,0.162032245905,0.256210968575,0.676975428321,0.13673372175,0.707462293801,0.632854794985,0.0506064444245,0.933046672465,0.218994031665,0.0406119790221,0.145115881854,0.797786971487,0.135500111539,0.351469728169,0.696365152824,0.203309873676,0.310753961045,0.102623054186,0.892700846865,0.12930103586,3.97337076531
0.119926297832,0.0968636490966,0.656522602225,0.152673846055,0.611768420575,0.0372331719202,0.849755201986,0.860796073521,0.234101815091,0.785607958234,0.019545100395,0.619756947429,0.58680499951,0.032141334458,0.572563143699,0.456392719492,0.191253702962,0.637302808628,0.396767847786,0.600738926561,0.953334660309,0.50353540355,0.163904758796,0.145495644525,0.541552748171,0.425489729298,0.208636438507,0.0686740820921,0.674730251761,0.733671445477,0.119926297832,4.20523662104
0.0666153612948,0.518594609397,0.388205338408,0.233623052401,0.523898162967,0.600898732787,0.237284335446,0.856626267919,0.263920795139,0.476602407679,0.6256641769,0.119220994779,0.0938533100171,0.281736556457,0.581674274178,0.655027774666,0.0779658476607,0.210457739848,0.760676517557,0.58575633485,0.869275574453,0.340809675084,0.658686636649,0.145595361259,0.519931393123,0.235654866515,0.28015799744,0.431164334059,0.839372902041,0.128530765251,0.0666153612948,4.32113246786
0.0978162864902,0.175274640803,0.228421857347,0.941620633127,0.604044312292,0.488063946641,0.152589789354,0.327133572601,0.380191304531,0.373567418851,0.509972820183,0.164447125921,0.119451916093,0.61109032735,0.0513705713538,0.864577634171,0.491505875637,0.370659000192,0.931996899738,0.889825961928,0.359140404041,0.0323578607796,0.394616050527,0.420160942708,0.471213509816,0.057047829093,0.766637224486,0.724108731964,0.258227687182,0.555594132784,0.0978162864902,4.25044922032
0.538026003953,0.644924079839,0.2836333894,0.625737145844,0.863676891929,0.081821875084,0.0393751329444,0.190706569467,0.40911461052,0.0219566248718,0.210557169531,0.51527402799,0.646180304858,0.849594284479,0.00355107556686,0.487862946947,0.430556843932,0.371115294398,0.552909201704,0.530039914743,0.00198405115635,0.370065658494,0.246559743903,0.495559248224,0.962475010764,0.0105576220039,0.678266409452,0.294163313152,0.236957425057,0.422759800167,0.538026003953,2.99542140946
0.0242625595473,0.856501664578,0.0391145015335,0.310823615563,0.293406403731,0.952157968636,0.671817518071,0.0617391827476,0.492257195108,0.60433715842,0.613652102937,0.417549380582,0.404115409218,0.758422669413,0.0491369725323,0.0778907372173,0.950167751173,0.438556530456,0.526369505999,0.398875582988,0.768635265559,0.183927700224,0.100069714027,0.308714760422,0.574073714236,0.519490027968,0.0525935562009,0.651595903186,0.546860010735,0.4759593697,0.0242625595473,4.71458686672
0.0107530144821,0.627252034455,0.287809819393,0.413149878053,0.784629688049,0.244712901623,0.942395326476,0.35039379774,0.93889598469,0.157508853305,0.0493448211652,0.0803723440016,0.299369172156,0.0145403177565,0.548521921178,0.270050268524,0.287939226206,0.388949772001,0.538783709872,0.73522285853,0.513550646197,0.126480871336,0.767934543085,0.150824094029,0.824440180168,0.680985534508,0.613153890648,0.871919977952,0.515426126928,0.545233095336,0.0107530144821,4.97459257428
0.242582027228,0.356330527979,0.488562134316,0.655067673607,0.22783386207,0.61821948728,0.069033409413,0.623452194804,0.0810767611629,0.594800800578,0.281378201779,0.786081293836,0.00867527864372,0.163001377553,0.907098000095,0.421549000504,0.753254775474,0.468478312274,0.164198383913,0.0703242351998,0.225493352075,0.0530965170408,0.189979220618,0.987720288704,0.56927197098,0.708206765761,0.920971287293,0.2905037684,0.149088390855,0.48792177512,0.242582027228,3.74192940717
0.519518784936,0.34124939315,0.514462776104,0.557005973739,0.822151538627,0.868862701567,0.833243904116,0.0399328157378,0.424139437249,0.729199666015,0.52449993769,0.0857025528633,0.533322730436,0.0738519572717,0.812162063296,0.34001228983,0.386221876424,0.552100437896,0.327575326412,0.432981213704,0.17828000598,0.0151311895674,0.0376408996205,0.587349432399,0.266248793035,0.443311836965,0.97360118242,0.298351539159,0.888475284522,0.100179062112,0.519518784936,3.413907626
0.30660061621,0.90060409242,0.150656319795,0.00914785277255,0.79197887404,0.410793699142,0.0528254070381,0.979466951152,0.0944587160848,0.730255999692,0.429003104801,0.140118070526,0.249502104696,0.700142345652,0.238520917832,0.211051781563,0.664145523331,0.16026261029,0.160955434307,0.49884799888,0.452118366312,0.846174685643,0.359821964857,0.301955501886,0.173120407235,0.223580817552,0.177231484335,0.980693229865,0.574193491147,0.0824818431379,0.30660061621,3.45137747376
0.439731635802,0.253551247841,0.843904427758,0.16907701189,0.673723935281,0.018634189273,0.405409330651,0.0836118171739,0.16215976369,0.885816959894,0.235750392575,0.607237840548,0.209567305618,0.136555285048,0.515945440813,0.907094083475,0.286149180801,0.306402857357,0.683726482491,0.811318628217,0.0185401888907,0.946373505697,0.877663217181,0.0597151790148,0.705690997702,0.644235371745,0.912194097049,0.157615332925,0.0117339023594,0.0480003820175,0.439731635802,3.43494721154
0.79607045055,0.337766904776,0.389468479568,0.517788059655,0.973570394648,0.730798507001,0.0549476940299,0.387715067794,0.419187927303,0.479108210264,0.721400414476,0.22300521335,0.310428031448,0.0537331332653,0.154475858254,0.12581177489,0.335306926447,0.272258125168,0.93558821858,0.241078157298,0.851959596306,0.490275421605,0.155985245289,0.160453036049,0.387112659725,0.660190538247,0.235923923349,0.986759963647,0.0607931651023,0.114488259483,0.79607045055,2.72755538026
0.851285742832,0.133739750515,0.95183180092,0.0867547297117,0.103264284445,0.704762068015,0.578364247066,0.0694723576465,0.855069543586,0.486809332302,0.0496771716909,0.736778100679,0.712600425495,0.277451391881,0.570144877626,0.861965315688,0.0699354968269,0.58293562734,0.238609332853,0.863722393159,0.17158023801,0.297809740785,0.0750790041251,0.0346407525909,0.679144440247,0.453343424471,0.321708712017,0.290947106747,0.499535123535,0.13789608743,0.851285742832,2.69322946509
0.23162168838,0.36981504941,0.682081391866,0.422857814691,0.324722129825,0.782726658718,0.224844759136,0.0707413161817,0.122810583496,0.887427177155,0.0469217253829,0.573309514122,0.695717437419,0.0631827661003,0.935425259528,0.277412718712,0.782479604051,0.879784301521,0.859005891037,0.569830445478,0.886050077271,0.530046617898,0.255139346564,0.422570521246,0.0841015856489,0.539260671537,0.015322428975,0.162662261999,0.151555646338,0.194797916251,0.23162168838,3.90272158198
0.072417254329,0.77664804839,0.539328327915,0.0304671306683,0.358934634584,0.420749283984,0.306043078548,0.737004001622,0.266337134094,0.91078140476,0.0477420666693,0.191685956297,0.352098731679,0.644568384108,0.881119162235,0.785123464701,0.0017307680813,0.340147058912,0.601787902386,0.355963588021,0.428536242986,0.364537592999,0.318032938309,0.197475418764,0.239570892976,0.566516142204,0.938041634041,0.58064010877,0.945775197003,0.627330754986,0.072417254329,4.65101186352
0.187003049469,0.831319461881,0.728240236461,0.628808552064,0.642410333226,0.0762165739735,0.444276605913,0.777445917302,0.77225788629,0.207918899549,0.22174537636,0.235948400892,0.727601176673,0.419958739389,0.0778294626213,0.113518484511,0.401395061889,0.813346678987,0.428927091865,0.765578646066,0.585990827505,0.180582478299,0.268587704204,0.00652139772199,0.91014633932,0.523823568549,0.898282000746,0.455761624841,0.503824910595,0.0896489055195,0.187003049469,4.27137707517
0.164420246855,0.0835885871898,0.381781326293,0.483864292184,0.132611673548,0.0614875980078,0.0153388651562,0.502795474124,0.387996676176,0.994097103957,0.560476543942,0.557124916323,0.842610508921,0.339833957218,0.127823645073,0.999180806292,0.128794604271,0.870471921168,0.721548002913,0.596828357081,0.615911463979,0.242825460542,0.827222528699,0.483479695828,0.712122750403,0.90365431788,0.287859149094,0.746252294528,0.199505004643,0.470802523909,0.164420246855,4.48609432111
0.106937106,0.0341140695211,0.725082995157,0.750734799679,0.661349120288,0.968905334746,0.876947222599,0.518037235147,0.691579543123,0.710657353325,0.821778989346,0.00991343443558,0.816964357787,0.163021200411,0.339597975292,0.0255110854934,0.0652806634924,0.993993572166,0.116501454352,0.283713584604,0.364585813106,0.335019158499,0.056256116772,0.162124235722,0.392968688751,0.720511002354,0.0341470422509,0.316761808707,0.76499332976,0.96826995919,0.106937106,4.49924395605
0.145875373956,0.884726209879,0.281731200035,0.103576271014,0.242803317516,0.421415145294,0.104607544188,0.523479117345,0.796358643366,0.158582633908,0.00399347799838,0.613599821995,0.276403302569,0.628095895426,0.131806629852,0.92813757824,0.974455876148,0.984844406779,0.491201835111,0.769873079238,0.195640476166,0.4252749452,0.63662935144,0.162619457429,0.829374283918,0.853635060998,0.482507197649,0.143164746846,0.843234868519,0.218938646423,0.145875373956,4.49335843287
0.627401522025,0.349276852319,0.18703616015,0.0673286910906,0.771088457075,0.367346176466,0.00480534741755,0.41907529097,0.44578450904,0.454408155823,0.884651681097,0.174962077658,0.389036077619,0.44373150599,0.515075364627,0.399066013816,0.667020864614,0.0724623934815,0.808119075183,0.32359289789,0.0441344759879,0.602525446271,0.112055550769,0.95672114982,0.81104487615,0.941449200672,0.347359141817,0.22867373763,0.824037515415,0.0381053479206,0.627401522025,3.16787554004
0.570728069439,0.749522539652,0.396999972294,0.350848987266,0.0827715570221,0.390266711026,0.120882516003,0.0274680626226,0.5025186759,0.242535784794,0.281834521123,0.120103210539,0.920066910644,0.436226168193,0.161756751218,0.613852035603,0.875002015114,0.889574988377,0.519935468091,0.967607495866,0.752485429714,0.653425821199,0.479871146774,0.287835675779,0.043481295833,0.732664564124,0.252548069856,0.14439211304,0.177160161831,0.338188533975,0.570728069439,3.2135934673
0.608838277727,0.776889422848,0.0156867055864,0.0648871020985,0.405061233768,0.622440293616,0.637911445763,0.232236946613,0.251344690247,0.194437849647,0.894609127384,0.273855157113,0.644540030999,0.0657759328236,0.272976136644,0.443806820026,0.381387062334,0.305886389615,0.21192290254,0.824646977663,0.454123077778,0.160044935641,0.388482829173,0.466824644863,0.888087831698,0.262493156737,0.0213211599521,0.697512099125,0.978280780193,0.711955839819,0.608838277727,3.16836799348
0.68639292072,0.99071283346,0.889334383842,0.862197192332,0.546310862226,0.577359782125,0.469480338971,0.249802283111,0.183425773988,0.709457762136,0.205405071485,0.388558119361,0.230689029756,0.364443226596,0.355958224041,0.372792610589,0.881514093519,0.702396272683,0.570386515261,0.195941593624,0.563192145741,0.317091436224,0.00836296177354,0.133641820936,0.154496206914,0.423870905918,0.221320645231,0.649614780958,0.119954923814,0.504055719971,0.68639292072,3.13553102965
0.559843079444,0.416269085255,0.0955238907008,0.00706809578083,0.886863149528,0.615430221773,0.206347726369,0.46034781677,0.650697484269,0.430261621435,0.713095912366,0.290051997273,0.212527478076,0.722084245534,0.462491690637,0.551773803021,0.00373735481379,0.0424343036787,0.999529753436,0.739677483428,0.115177568004,0.341525055482,0.079618673293,0.0388694115381,0.251361163348,0.436522025905,0.631248714314,0.833931907351,0.661738916771,0.865943606299,0.559843079444,3.29417539025
0.0530903012611,0.800788209988,0.465959661031,0.195881068117,0.95300974099,0.676241461223,0.254053646309,0.781394161353,0.164344921289,0.552459041478,0.61441026444,0.116349325285,0.666725153302,0.581134486908,0.164936003909,0.0894769150189,0.332194380385,0.403456086841,0.425988732847,0.139956741648,0.161841670276,0.971174924344,0.184510567289,0.882849744577,0.394395570736,0.425877656922,0.422519532473,0.860055287307,0.505739718108,0.786215166196,0.0530903012611,4.80445324984
0.0391938657582,0.543012246339,0.315173587513,0.436166353972,0.497551607375,0.362936390872,0.0804311525789,0.593829369404,0.970600523526,0.90748447143,0.789526029746,0.725456323932,0.0644297000419,0.600185183653,0.483306030987,0.960891618245,0.0451125054,0.609295712469,0.771158765148,0.929914242624,0.131615023915,0.540261828286,0.420314593742,0.342443493811,0.281739725517,0.311834596515,0.00214697585387,0.190302404922,0.155416733969,0.923919014984,0.0391938657582,4.88310962612
0.010900891984,0.866276207007,0.570496138098,0.699019226129,0.495915648427,0.905877371897,0.886702116528,0.100076490922,0.487421114933,0.164087560028,0.636351367727,0.862354036301,0.660395166947,0.483915136674,0.364266085326,0.694064602383,0.69814038291,0.681436467418,0.93188936734,0.0992616704753,0.00319780769633,0.477045684359,0.562970421256,0.780025041129,0.463955954903,0.0687148149711,0.254947071555,0.696489131562,0.971027942772,0.671883807409,0.010900891984,5.78285864348
0.0297176608423,0.955112719011,0.37397435772,0.289647184076,0.735017857598,0.362180937467,0.906137197006,0.340381347455,0.530324145591,0.0416810220479,0.631161055212,0.717513806133,0.881429606891,0.94245510952,0.486849625451,0.569638444677,0.432980181874,0.575969757291,0.106055565061,0.0521847769908,0.711660640502,0.333042933225,0.492565255006,0.976398547734,0.949210103755,0.138373464479,0.584135488547,0.135633102867,0.744441682177,0.541469808343,0.0297176608423,5.40606881196
0.0245431998519,0.72970460668,0.884520205198,0.846822435718,0.740999084338,0.913885279869,0.453072313141,0.919508705132,0.168321444519,0.582131203605,0.90098409273,0.893240697419,0.740104918719,0.444466052457,0.779480865913,0.235700873293,0.970777429547,0.151286085002,0.388950125336,0.182467268473,0.362360297421,0.152557460118,0.000462585629005,0.308367938253,0.615223350913,0.879108039212,0.211136794585,0.924717053524,0.0177531578125,0.0976516335961,0.0245431998519,5.43144227909
0.0322012044538,0.117645102094,0.850590706802,0.150643418864,0.14163803708,0.857399600038,0.790816615459,0.733715565643,0.710814221491,0.887555587501,0.975533322463,0.365721058871,0.7507910089,0.219641270109,0.79415773456,0.571897708873,0.382568983903,0.970413543535,0.65396470587,0.431241118004,0.604325096842,0.417802246053,0.42336164047,0.168688335482,0.38459289163,0.64002247682,0.265217593099,0.147351621539,0.488667785904,0.556497648796,0.0322012044538,5.36383385983
0.350000371756,0.505000069918,0.328956002097,0.696117212671,0.527020050234,0.409960273567,0.442903918293,0.060815370801,0.776498386608,0.116775535188,0.269115023226,0.0229063535322,0.629931765192,0.0446372669713,0.224744039523,0.595776179228,0.793716424315,0.0808927068091,0.979338446504,0.122062289613,0.255515564582,0.588642816763,0.290111402461,0.565746250001,0.539995393005,0.0954254399064,0.928467394709,0.139594171488,0.766756911372,0.44569243736,0.350000371756,3.50349431824
0.334746100838,0.655227728606,0.77007934286,0.51060278779,0.406958262974,0.641336260357,0.318062529961,0.995599048821,0.0343548054445,0.105352619933,0.408221657176,0.446753490684,0.360259822987,0.872844955356,0.582700077209,0.299042188372,0.353789845586,0.0449904870566,0.51373494257,0.716128060396,0.0124847324595,0.17670162058,0.292530203675,0.364790446773,0.102894914723,0.592672769155,0.162473303624,0.297012006822,0.82022389573,0.827891248045,0.334746100838,3.65140175658
0.832201607323,0.72940956229,0.0788901369551,0.0420206583909,0.494573777291,0.20104834783,0.252027122114,0.818576517834,0.402115076658,0.592009609754,0.180269555778,0.522374151665,0.241532631168,0.619104975069,0.552103965005,0.111197894384,0.678331731601,0.146429272024,0.30659310536,0.610727242251,0.477455132895,0.39471691481,0.159019269249,0.940993812351,0.968278239667,0.192062148036,0.805383688672,0.771063845877,0.115972890325,0.535368798869,0.832201607323,2.97268761314
0.865587481812,0.554205970327,0.363919788673,0.842953339001,0.358626357373,0.830133218857,0.498190531833,0.375533285881,0.446360964191,0.892874328848,0.296496362035,0.669645241578,0.352986874696,0.00600706853599,0.703714294022,0.311208497762,0.0782335012905,0.261909983779,0.85768493464,0.0073938056478,0.275380702913,0.020173024249,0.655374606488,0.166754719424,0.363570039804,0.494084374281,0.530268442023,0.0312769765526,0.645136500991,0.752564838847,0.865587481812,2.85917376494
0.254118518604,0.696491096846,0.0445804124417,0.41623559057,0.41869063549,0.0468473141319,0.491678502663,0.184043850115,0.470318567341,0.473965207146,0.8867572626,0.606886380252,0.2437351886,0.639199988491,0.81123602662,0.892486475812,0.231412307172,0.328566160553,0.303856212552,0.663009954817,0.266203841103,0.936390199786,0.81340092937,0.139258855515,0.0917302118642,0.127564831229,0.270983637561,0.345392502724,0.235583290487,0.959891539897,0.254118518604,3.91342430777
0.252710580575,0.0305360464273,0.241558875671,0.98650036757,0.855107784911,0.054062581611,0.140389103581,0.402560944966,0.160222504402,0.627836638927,0.230946235158,0.9750064437,0.423131740955,0.648027460722,0.246395753033,0.806044538053,0.350265200002,0.441147865962,0.925865414494,0.567195770685,0.258388536771,0.617289997043,0.592468066719,0.012911549532,0.0412368604751,0.641211555884,0.798779670446,0.231153260266,0.519716478716,0.546481635891,0.252710580575,4.00924451784
0.0774208660997,0.677918463781,0.0972545355687,0.612766632486,0.938921867719,0.0342789255682,0.257547416904,0.0306824241091,0.0307670159646,0.626333166926,0.0855467538846,0.0431340272248,0.987457441977,0.855776052987,0.679539892568,0.210621653738,0.148161357302,0.883262870982,0.359707374202,0.378544949894,0.27751189342,0.49908792798,0.967357684243,0.343406376096,0.920137811656,0.72928005435,0.869166459011,0.152218344175,0.793091463603,0.761862049533,0.0774208660997,4.77487975234
0.193676467701,0.0394247165867,0.598867496141,0.477105485533,0.215500429353,0.763048519533,0.858266414059,0.578772266844,0.237006740388,0.120751779736,0.874287838013,0.917032761651,0.358954948379,0.102647323031,0.539290079961,0.540137335169,0.212589546193,0.235421699115,0.464824843487,0.920482554355,0.208810854387,0.548914467877,0.665470239638,0.443919395403,0.102740319855,0.931959523855,0.13637228549,0.789704663214,0.398775055818,0.771321398555,0.193676467701,4.3421115663
0.139682267213,0.529527484363,0.591992361428,0.471995305919,0.708190639054,0.42087765593,0.545601967481,0.0112980755499,0.51565092646,0.867640039556,0.325427292705,0.326958874143,0.638900825979,0.699665850157,0.742989870493,0.102121361344,0.2501041345,0.729165676839,0.120800584311,0.956509587687,0.341436182725,0.0321478905614,0.856188047652,0.576187237688,0.849476777883,0.986622004109,0.977703897962,0.335139117453,0.221024994314,0.112444799868,0.139682267213,4.72173247538
0.128464737375,0.976373906569,0.00950169194654,0.640739398748,0.936218275686,0.578180894262,0.840486010942,0.0469423728854,0.992890009398,0.228769541009,0.736046915232,0.539795310828,0.459095085352,0.591016917249,0.126649814451,0.551727943133,0.0951437359628,0.0741258929877,0.525709918855,0.287958935971,0.87249239831,0.400225486269,0.781764513203,0.481035064736,0.493103477361,0.764556961996,0.647475129581,0.29668172539,0.735747011524,0.18937867444,0.128464737375,4.77408802269
0.160497788253,0.691770280151,0.896395685929,0.641357850184,0.127391581729,0.831752456569,0.0427730221672,0.331419051563,0.340957989431,0.808153256749,0.541456640513,0.0734817344771,0.246546275387,0.572732181235,0.597997169926,0.191345139344,0.622036207424,0.915301798888,0.835416699784,0.902166318275,0.0501757393954,0.384893534519,0.291735833205,0.872980169472,0.491508870532,0.614178171823,0.344315049061,0.787827564952,0.30801430768,0.381569533082,0.160497788253,4.62793367698
0.619165351163,0.16113708306,0.0723457467438,0.162685246347,0.401728303724,0.528545900945,0.213876005761,0.78092176447,0.190643151826,0.414407666579,0.873061339171,0.224886510312,0.862836246192,0.770464257346,0.494688737238,0.726807963762,0.80805070008,0.350489522558,0.875883164905,0.618109797358,0.665711883413,0.101283154787,0.882940148004,0.360923544537,0.412522046138,0.180660601477,0.0142247889174,0.369824269601,0.251575297204,0.102885182228,0.619165351163,3.23672703357
0.69307224801,0.29478709364,0.786501752355,0.241421633266,0.201606988093,0.774379219989,0.0106809164174,0.164041342983,0.281540560121,0.0125784366333,0.999325774162,0.972980296468,0.413216452653,0.617996413407,0.822300773158,0.398166512511,0.174925133255,0.199339162129,0.48271288046,0.972185703001,0.379013268596,0.292853176973,0.412705976516,0.30978633988,0.599501718226,0.0728430440719,0.622675924313,0.260535716935,0.907155252521,0.259969747702,0.69307224801,3.15078928288
0.0443382839882,0.219200285921,0.634278214079,0.378245864217,0.102899603781,0.543784929487,0.0721380435944,0.127128399042,0.51192108882,0.814653541103,0.836194643267,0.485327331903,0.724094574207,0.953393940609,0.781515921626,0.84600182592,0.651229061322,0.533118489206,0.632323673059,0.258811758023,0.348130830329,0.374878250258,0.509116261186,0.356126276724,0.0259414065995,0.850337660329,0.877763057379,0.768329178763,0.366055491037,0.623916999437,0.0443382839882,5.21579504545
0.0510779250485,0.461139974622,0.141553462596,0.0995114294722,0.870449764949,0.989967823183,0.173096069048,0.167811565666,0.136571141041,0.819030736242,0.102577050051,0.690835146761,0.529750995681,0.483275997392,0.343026634172,0.378589045139,0.831835914023,0.352642973438,0.398977653066,0.373770599558,0.735213893012,0.329080373691,0.567552291378,0.531402754771,0.717974201051,0.0298793637146,0.90791830696,0.518401130487,0.952445319106,0.716723211121,0.0510779250485,4.92596588578
0.046698333917,0.543840978871,0.638601363801,0.0357241327314,0.130841770932,0.292088629201,0.275116998163,0.276249320735,0.516552338094,0.634310764144,0.721590532563,0.472690430408,0.952480048771,0.785224070109,0.807689406884,0.353856325949,0.789750406995,0.81850737171,0.00742143071171,0.636152054011,0.0311682480198,0.21740265264,0.432202146829,0.878923781878,0.492332576656,0.0580716631323,0.510963519295,0.745518092546,0.826552078065,0.775540350192,0.046698333917,5.0397972195
0.0307215040687,0.472035915699,0.0292783073761,0.599393949394,0.618678326236,0.801097460061,0.374873179135,0.919159818081,0.153334175032,0.296475771462,0.266029831404,0.300391942609,0.606809134173,0.683896473508,0.834614852571,0.787730260216,0.199869064122,0.916684080052,0.719910015175,0.94367179282,0.799593581157,0.800927023266,0.267112300788,0.12932997731,0.340815419166,0.610274505283,0.802036061313,0.291204428747,0.425330050502,0.991958439117,0.0307215040687,5.53218589033
0.487136949579,0.779507644998,0.224620385831,0.166196404896,0.643805683178,0.597716279881,0.427193908983,0.154236575959,0.89210582366,0.884698129534,0.932442920884,0.219066510943,0.623862239587,0.233932874544,0.098044347107,0.372573405271,0.0969481933454,0.418106861239,0.620162488036,0.442344097879,0.830867732445,0.782528013267,0.575035108889,0.392710374239,0.119818342281,0.729066796091,0.141377397188,0.103788596192,0.528536206584,0.218984146105,0.487136949579,3.53408042272
0.51921032085,0.869416638662,0.566124432099,0.582269234631,0.189686731355,0.306679371814,0.561108210385,0.0894214040101,0.188608477375,0.400977147766,0.161447740105,0.640942984082,0.34617776827,0.686071420177,0.663644500448,0.447465754229,0.00683488163316,0.982307946153,0.346095760072,0.998630652626,0.0208042829143,0.796678184151,0.401354649973,0.597154916529,0.334647633989,0.365105519762,0.401617058628,0.933108372487,0.293963337933,0.254367527379,0.51921032085,3.53057866426
0.378272655467,0.828719403957,0.548563773077,0.180120070943,0.385898147234,0.756852295171,0.595463286647,0.0651727268573,0.680123214188,0.793293959612,0.928863988886,0.723604892582,0.440120048337,0.595456909865,0.171643019998,0.260767058619,0.125014089756,0.205281830699,0.221801658661,0.618728356432,0.565120176245,0.230318833738,0.0417076439324,0.195202676048,0.316264205372,0.236372695702,0.267333935737,0.454974684147,0.532954030994,0.742698044487,0.378272655467,3.57645240107
0.476763769035,0.59009422689,0.238483983825,0.205877118003,0.577306058788,0.402676107164,0.938234368909,0.110568358566,0.0194454432899,0.324606897918,0.33806216768,0.544145558979,0.702967659471,0.120503859857,0.201945611363,0.799683896829,0.751256745486,0.143304131357,0.642101483386,0.794293650172,0.70939996819,0.217530618072,0.996589946299,0.797111894726,0.339319951652,0.608400424976,0.958862982635,0.0133317228002,0.0140674806528,0.105228930933,0.476763769035,3.53917365011
0.497764876534,0.534881981259,0.618934354531,0.398763119793,0.17957056678,0.00361792996185,0.114550430179,0.0799100707406,0.796027697539,0.203432352113,0.280516353226,0.49955816072,0.462943195155,0.906215475238,0.698261180289,0.527756742162,0.865623098019,0.21726847092,0.596665432036,0.634421195424,0.0211169199579,0.188372381779,0.0689704062076,0.726875947645,0.038208314516,0.399669364074,0.811096677421,0.852080155419,0.72555588492,0.853562649559,0.497764876534,3.53114390472
0.37645550305,0.793544020193,0.346178598135,0.425579191176,0.859963131089,0.231186909862,0.109646457007,0.455085220509,0.372866277618,0.905553560931,0.502203098791,0.250852522027,0.18784964361,0.63708740722,0.314654990613,0.267301772037,0.772011118124,0.689855940997,0.619867712359,0.845998783022,0.664467545674,0.207145083284,0.144982689966,0.128312649709,0.0690541186207,0.172416211771,0.00572243453161,0.88967073977,0.908463819655,0.112553454552,0.37645550305,3.6283564365
0.357904063492,0.785727139666,0.0816094449901,0.20479814152,0.92907538105,0.17637922923,0.763867404572,0.458697273582,0.696082087521,0.402174299431,0.461103314988,0.504027308888,0.37459676498,0.365815897621,0.0336774368342,0.497407536637,0.358190947574,0.769425068936,0.317996489991,0.479961966006,0.497284705709,0.225752095583,0.931098041452,0.254569946879,0.0759813221553,0.557946972558,0.980577845402,0.608950065879,0.760632026556,0.0898295577921,0.357904063492,3.8654190691
0.365595542444,0.282545928113,0.844633796425,0.728578725968,0.703493037138,0.866484877543,0.646587445419,0.693561204168,0.442219936744,0.0985457207059,0.230540884013,0.496032788883,0.516565942912,0.725332957624,0.385592078226,0.548501890093,0.066185813733,0.0327157878645,0.259489706734,0.199394963054,0.0779298940955,0.598871575038,0.443253901997,0.545561440295,0.416150889543,0.948348443951,0.93026413183,0.00818634614698,0.005103165365,0.295767284871,0.365595542444,3.68758755871
0.284616168754,0.527481242256,0.128730772918,0.945067749158,0.984376958363,0.943918469376,0.102026465091,0.919378568633,0.568199357112,0.44145068399,0.0448088127452,0.00275540511504,0.510349096777,0.264659690508,0.817040220105,0.463078092771,0.673611130545,0.235506412367,0.0496911625998,0.723145574225,0.207546749455,0.814905728526,0.0582725805715,0.726591929021,0.718492434285,0.348624924281,0.313744487603,0.193842188373,0.198096322972,0.531045297626,0.284616168754,3.96237663026
0.267351842404,0.9954322948,0.011202819381,0.448179567743,0.164671002345,0.536817764471,0.231121946966,0.173039942619,0.10452815906,0.770713574569,0.24379417195,0.459298117295,0.494607896437,0.0753744484201,0.0154724484455,0.947505338762,0.759204622364,0.83425779359,0.214521270297,0.663079427049,0.0347775014384,0.703911676356,0.452638022214,0.33746954437,0.89195233012,0.571444153052,0.39475262369,0.907135835588,0.56151303354,0.475586058161,0.267351842404,4.00459664582
0.252815623459,0.655416816719,0.301262754871,0.885129540174,0.33868306133,0.675251733182,0.586502805022,0.853496668001,0.121565168338,0.192615872358,0.483575561912,0.810139391169,0.0945821122376,0.983576224112,0.0600284460091,0.0719048435293,0.165103736529,0.312885543191,0.55516580996,0.387320994561,0.820185246468,0.595849727365,0.0609241685277,0.173956061131,0.598926457323,0.607753639796,0.8384629905,0.893988422652,0.363988783355,0.488589009754,0.252815623459,4.17598420402
0.109793760662,0.219713207117,0.255022802569,0.119964175291,0.572116021373,0.293085663804,0.326058465507,0.026688130162,0.663572337517,0.573476363475,0.296014667992,0.495435535293,0.834817330935,0.264647968579,0.508564443925,0.134139488434,0.125973879589,0.800312272193,0.476030025484,0.402865473033,0.862690994225,0.850658490715,0.0536282235337,0.821684117108,0.927562320406,0.937194457183,0.721036762439,0.90856303645,0.917580669958,0.325670445848,0.109793760662,4.78486970258
0.224799492762,0.276166645875,0.992438023063,0.300547290934,0.816796527278,0.231662241614,0.206183215275,0.128188936486,0.39376056202,0.41583683326,0.148266548138,0.539665312889,0.696400381775,0.32585626048,0.717596365432,0.552536217364,0.419182612604,0.53708968455,0.99546833841,0.271080739834,0.656582799041,0.786035069488,0.63493473274,0.801900088541,0.531256809514,0.583312634632,0.314253519833,0.0378820952638,0.987545381146,0.329870778823,0.224799492762,4.42386464612
0.200178302598,0.196057473487,0.779712117529,0.118741717573,0.873583351275,0.612273959685,0.357122792868,0.317526232555,0.248642104761,0.323149721445,0.632021107396,0.843971288813,0.481734749314,0.682941012826,0.396442301047,0.264655950119,0.47943343537,0.697203590031,0.0355135535321,0.934578983344,0.513506829087,0.781658842034,0.829271014559,0.153469182961,0.677238980232,0.531646590595,0.106332165995,0.159293502711,0.818400862357,0.82717097693,0.200178302598,4.49938713632
0.21924513002,0.9975816191,0.117322959167,0.900915679315,0.797377575919,0.146873871775,0.0510249790387,0.0176208496303,0.0568944202473,0.810315121355,0.00100414566799,0.570666282161,0.837804281215,0.467093335524,0.285931443319,0.479575344264,0.416240043468,0.552633456068,0.878237196563,0.951762921014,0.0329951773499,0.293915860139,0.360573614931,0.316136429019,0.448072690156,0.584147739942,0.634209531831,0.935559760893,0.789919912333,0.879897761235,0.21924513002,4.43326794545
0.195179885667,0.671095737322,0.415796321853,0.803539998747,0.430739806911,0.88042668107,0.0303791494419,0.62057154545,0.742652618982,0.822813965229,0.00639855863999,0.0764047087527,0.696068846665,0.311343845321,0.362167949907,0.542220441954,0.611634250468,0.707338073523,0.135314216815,0.973194309985,0.309943898356,0.690341705757,0.686498449542,0.50962174663,0.835205763227,0.550342623364,0.634512534064,0.0611812059314,0.474508338134,0.871374094498,0.195179885667,4.73516916863
0.675467500358,0.26795675903,0.942717197658,0.379295184919,0.530779627259,0.176203368808,0.530320207358,0.485912284812,0.214122383446,0.971646738334,0.350366868514,0.0909876848599,0.350777297076,0.130978175337,0.594122401935,0.302867211382,0.498888854953,0.555177275102,0.50745839,0.606399400535,0.691653645453,0.458889755297,0.549082585055,0.720827916704,0.693264200071,0.523881495744,0.452236877181,0.520564225767,0.252619277016,0.0463092836423,0.675467500358,3.29100549409
0.636586749678,0.958492242582,0.11579339419,0.228937845761,0.48791218677,0.871222223407,0.687105571192,0.170237502102,0.508291976948,0.72783129843,0.451689196071,0.226017130718,0.0552008789639,0.39885920054,0.521036030779,0.283805696706,0.085636536874,0.347679765716,0.817780614991,0.861883364737,0.229209680965,0.719314886103,0.217434528133,0.121611374669,0.908410342502,0.575258753707,0.0259017674034,0.0573830386549,0.990188541713,0.83655823459,0.636586749678,3.36864750913
0.742496744739,0.00154164091711,0.96972326258,0.43788775739,0.0441708432711,0.0952801761329,0.367005164247,0.927635407052,0.0800194478648,0.086721605885,0.594433712324,0.774045758909,0.512608907392,0.472282716228,0.343090893057,0.0239744065588,0.313071422885,0.489867106303,0.841864610661,0.25143024542,0.63641968215,0.947514589851,0.894491156718,0.315664285168,0.321529989216,0.817041638325,0.466998038717,0.259779193176,0.382461870875,0.742234642222,0.742496744739,3.20422948072
0.807501518655,0.435002823492,0.666776661707,0.235488621507,0.977854292651,0.622589222868,0.18306432567,0.868039564934,0.619910434066,0.436967738801,0.210383471171,0.127005936792,0.76158404696,0.58855121269,0.256875217109,0.631997457594,0.25819652499,0.643339697486,0.615051170513,0.450730638161,0.920502075213,0.0788026081319,0.42388298278,0.519837353781,0.00983805477667,0.345673551124,0.247575029131,0.0622480070873,0.579935190178,0.758645724307,0.807501518655,3.15160356976
0.0643405137324,0.465457559583,0.609122626782,0.568312667418,0.566968214617,0.663224437252,0.18094144642,0.0887230126522,0.780485783844,0.73068613818,0.692356867227,0.140593902805,0.832485934837,0.211732740645,0.125973315079,0.68398796854,0.991464452403,0.816885392361,0.418769619266,0.67718843535,0.726088642523,0.491417668764,0.724557898775,0.188312178873,0.759303090087,0.400626129621,0.129737391024,0.55286606035,0.463635858802,0.392668722818,0.0643405137324,5.07387772035
0.419746730426,0.0947293724532,0.395147708707,0.524154988263,0.39781751289,0.00301499021073,0.587489037513,0.011282189635,0.205097884741,0.929021940731,0.103872787676,0.63909430782,0.305029027814,0.333693784481,0.0726621781145,0.640866516309,0.819634415271,0.0514396906317,0.31830547771,0.375732503317,0.44103689583,0.316639797519,0.727864489212,0.981562609358,0.416189244079,0.629380100468,0.733263150496,0.641039703358,0.737580132008,0.732324235851,0.419746730426,3.62461899057
0.389335717745,0.495210378575,0.72777711662,0.318492318957,0.382177791283,0.852784959969,0.0564673100265,0.712832059908,0.111007378355,0.404592107885,0.56712918219,0.612884631969,0.182920363473,0.0828041133305,0.0272169290488,0.56861526262,0.858762573153,0.690772265267,0.254683929018,0.396599319232,0.76380947875,0.323808094747,0.799603069677,0.731380503988,0.2308916691,0.0332974509448,0.684286867568,0.359516054454,0.656858853814,0.158933357317,0.389335717745,3.64676875303
0.765641676731,0.113924799945,0.68833595306,0.541545968694,0.668445357397,0.128511089291,0.885430906181,0.512489964871,0.792102172586,0.934157036268,0.506977399371,0.70258939186,0.528937605876,0.495639872246,0.0415489951426,0.0905653671155,0.187128788495,0.0883702354424,0.308614859869,0.722305513002,0.555542995171,0.185594491053,0.00953285096464,0.750467586898,0.74553469301,0.11842557416,0.837571673782,0.977368627274,0.46825941157,0.17565294855,0.765641676731,3.26196010835
0.0659030216365,0.588583687221,0.954705688338,0.981558663871,0.321607021731,0.122074434842,0.169272941647,0.922650837586,0.0697710028867,0.351036242895,0.697721499917,0.756496651879,0.775824601373,0.296472071481,0.246359881635,0.650622913133,0.821318744861,0.830794232567,0.49051865576,0.466034335091,0.385956247627,0.626013804455,0.999375240606,0.640395821501,0.0223707107023,0.272242888683,0.677990408233,0.0829528716547,0.719195931821,0.74471705418,0.0659030216365,5.24579686981
0.690945212058,0.405355495927,0.178423201555,0.538079957297,0.588821362957,0.358295043651,0.220625774988,0.145414308957,0.131446651772,0.628489699583,0.283716311914,0.566676593544,0.685018271204,0.219033739161,0.805563144275,0.258646999436,0.967315622737,0.515459012991,0.980124653161,0.849275700439,0.717323554131,0.329527183746,0.311656930346,0.881790711965,0.459735595647,0.162017055239,0.549822196812,0.542797808052,0.21562041118,0.118181214856,0.690945212058,3.3250430948
0.432358982886,0.164222162784,0.781269634324,0.544580845006,0.130253050075,0.0388616445962,0.402781980009,0.319735544071,0.752738746228,0.360769357273,0.444371351921,0.709636829533,0.0229784208887,0.870206071229,0.328318498028,0.581370692906,0.861084436226,0.357768836469,0.363481485115,0.80267122343,0.244519897325,0.704469986597,0.265967730176,0.129487300499,0.626498377249,0.816092539239,0.426633903346,0.0251528738161,0.845693596648,0.366517862369,0.432358982886,3.63549340261
0.408239883762,0.106276738594,0.797204944649,0.503717839912,0.346176574941,0.101154460616,0.683520426245,0.00217531146656,0.861561012529,0.0812643936968,0.714703597324,0.0733035389875,0.359981076415,0.469262416634,0.644708380073,0.610035722404,0.577741095578,0.422627130649,0.920129561534,0.189809031764,0.611393687048,0.492279542153,0.878528831929,0.498309921697,0.132082935987,0.603385725927,0.739910100678,0.509419334253,0.422878010229,0.288059436417,0.408239883762,3.77190110948
0.308244890226,0.971972051785,0.192137181117,0.575210772156,0.444581380065,0.194725109097,0.0311104556202,0.79891012132,0.236212301641,0.668491868649,0.334692692544,0.298241664427,0.916941835763,0.991065705201,0.0955082448732,0.073258551431,0.693187170547,0.834903930927,0.285717501648,0.393663642861,0.0718929861074,0.742899125622,0.151103530777,0.67096672507,0.848962142246,0.538916867932,0.427315874963,0.202685699107,0.541248243247,0.54235307492,0.308244890226,3.99818547221
0.204328533945,0.995625428662,0.360976278917,0.384633487642,0.475756919878,0.955370769525,0.666455220689,0.010915595679,0.300556966348,0.709273015584,0.460582308337,0.284925831622,0.435307040453,0.641623332928,0.343533749994,0.479637263808,0.982417969885,0.10805402171,0.766260104664,0.214368756405,0.968167252709,0.405254746174,0.389508514497,0.681091630484,0.571789949911,0.676860832897,0.388484749003,0.825431021095,0.284892424473,0.0154312798796,0.204328533945,4.51935167255
0.303088586438,0.159948961283,0.232910627089,0.509399432253,0.858620105639,0.482406031411,0.526030543748,0.175036977132,0.0884632211457,0.827591657111,0.340584645219,0.433652955778,0.504101340169,0.945796613596,0.328067944216,0.212227747837,0.167112735407,0.198250323057,0.238967639486,0.895043221851,0.785243420645,0.842274525002,0.827155394261,0.891324135138,0.964268293903,0.891071130863,0.704799625042,0.521229362076,0.382335832055,0.507151998292,0.303088586438,4.46710008663
0.305104136726,0.0052534765379,0.558553076408,0.693217758194,0.649985153371,0.974990274362,0.44700852294,0.196308822027,0.139919151839,0.173877765477,0.600359931019,0.0471383411085,0.658700012282,0.617670224893,0.107963727478,0.804418090654,0.337502522316,0.819096208475,0.394783232034,0.261377890754,0.592679632192,0.862981821832,0.658240249264,0.97374004487,0.134187040069,0.375824582367,0.840598865514,0.307843048192,0.715077525718,0.16641678714,0.305104136726,4.09945594331
0.179335725927,0.780521248486,0.0904006988346,0.88871204232,0.696686000871,0.0746249906166,0.850719635177,0.565557579955,0.769279463705,0.808736749047,0.625128948906,0.319326412049,0.269324769765,0.0278055657065,0.832228941426,0.823466635655,0.883154286633,0.00552218345784,0.442004365826,0.297099120715,0.323801231786,0.690011225997,0.903252209624,0.937786117047,0.901611018462,0.0610223547646,0.541033878669,0.0648880866243,0.383039615011,0.809247236696,0.179335725927,4.83655939226
0.10981129957,0.57193746459,0.119404036443,0.203693229644,0.855203361618,0.873092112153,0.597375905386,0.817772241294,0.265161060648,0.701896143529,0.0263831386535,0.708896865802,0.0559200736231,0.553600003665,0.30237410609,0.254190578848,0.885913419229,0.436654390054,0.924078407382,0.310013242148,0.41573498595,0.898028989487,0.670497822042,0.487742969634,0.980042565851,0.375050605084,0.556554448841,0.503100554174,0.55571349693,0.436807445253,0.10981129957,4.96615383889
